{
    "0": -1.5710862402104844,
    "1": -1.6145802901255977,
    "2": -1.694211875139441,
    "3": -1.6092618230542168,
    "4": -1.6696760537454447,
    "5": -1.544168227707769,
    "6": -1.5364646197697949,
    "7": -1.6050140344463761,
    "8": -1.5444966690347617,
    "9": -1.63849760898468,
    "10": -3.2944273690010797,
    "11": -3.2040028907586686,
    "12": -3.2654297195683206,
    "13": -3.58649232837927,
    "14": -3.440582485546929,
    "15": -3.4380246337942135,
    "16": -3.4234204788713036,
    "17": -3.29193273242448,
    "18": -3.4994961413258414,
    "19": -3.429838322179033,
    "20": -3.978209830313573,
    "21": -4.0704929435692705,
    "22": -4.407854060156286,
    "23": -4.30544744160982,
    "24": -4.266537032557794,
    "25": -4.273451643106806,
    "26": -4.060973543753815,
    "27": -4.26175408838712,
    "28": -4.144584847117821,
    "29": -4.021256632015037,
    "30": -4.95375659384635,
    "31": -4.801038114671913,
    "32": -5.035752281239473,
    "33": -4.850531726297889,
    "34": -4.830560012028928,
    "35": -4.800203444501028,
    "36": -5.2306834398808935,
    "37": -5.244049144920464,
    "38": -4.848410702586218,
    "39": -4.6190071247758,
    "40": -20.3291735024893,
    "41": -19.93981317307933,
    "42": -19.695817545660226,
    "43": -19.857238421174365,
    "44": -20.000993416672223,
    "45": -19.975356023011706,
    "46": -20.404263457892135,
    "47": -19.941736096392646,
    "48": -19.934028532677686,
    "49": -19.994653471575166
}