H,V_Score,Energy,Energy_Variance
2.6,6.25997389893971e-05,-287.60782565136265,5.178141571788356
2.6,6.25997389893971e-05,-287.60782565136265,5.178141571788356
