H,V_Score,Energy,Energy_Variance
2.6,3.0392327070533936e-32,-10.805022618668234,3.5482590161023595e-30
2.6,3.0392327070533936e-32,-10.805022618668234,3.5482590161023595e-30
2.6,7.855144943069391e-07,-26.27186941814218,0.0005421708410315003
